{
  "version": 1,
  "author": "Uri Shaked",
  "editor": "wokwi",
  "parts": [
    { "type": "wokwi-esp32-devkit-v1", "id": "esp", "top": 33.5, "left": 129.4, "attrs": {} },
    { "type": "wokwi-arduino-uno", "id": "uno1", "top": 29.4, "left": -250.2, "attrs": {} },
    {
      "type": "wokwi-buzzer",
      "id": "bz1",
      "top": -151.2,
      "left": -123,
      "attrs": { "volume": "0.1" }
    },
    {
      "type": "wokwi-pushbutton",
      "id": "btn1",
      "top": -70.6,
      "left": 48,
      "attrs": { "color": "green", "bounce": "0" }
    }
  ],
  "connections": [
    [ "esp:TX0", "$serialMonitor:RX", "", [] ],
    [ "esp:RX0", "$serialMonitor:TX", "", [] ],
    [ "bz1:2", "uno1:7", "green", [ "v67.2", "h28.4" ] ],
    [ "bz1:1", "uno1:GND.1", "green", [ "v67.2", "h-38.4", "v28.8" ] ],
    [ "btn1:1.l", "uno1:GND.3", "gold", [ "h-96", "v240", "h-19.2" ] ],
    [ "btn1:1.r", "uno1:2", "gold", [ "v0", "h19.4", "v67.2", "h-144" ] ],
    [ "esp:RX0", "uno1:3", "red", [ "h0" ] ],
    [ "esp:TX0", "uno1:4", "red", [ "h0" ] ]
  ],
  "dependencies": {}
}